<?xml version="1.0" encoding="UTF-8"?>
<project default="generate_sql" name="Transformacion_TF">
    <property name="ECLIPSE_HOME" value="../../../../eclipse/java-photon2/eclipse"/>
    <property name="ECLIPSE_WORKSPACE" value="../.."/>

    <!-- The classpath with only the dependencies used by the project -->
    <path id="Transformacion_TF.libraryclasspath">
        <pathelement location="${ECLIPSE_WORKSPACE}/Transformacion_TF/bin"/>
    </path>

    <path id="Transformacion_TF.classpath">
        <path refid="Transformacion_TF.libraryclasspath"/>
    </path>

    <!-- The classpath with only the jars available in the plugin folder of Eclipse -->
    <path id="Transformacion_TF.libraryclasspath.alljars">
        <pathelement location="../Transformacion_TF/bin"/>
        <fileset dir="${ECLIPSE_HOME}/plugins/" includes="*.jar"/>
    </path>

    <path id="Transformacion_TF.classpath.alljars">
        <path refid="Transformacion_TF.libraryclasspath.alljars"/>
    </path>

    <!-- The default task with the jars used by this project -->
    <target name="generate_sql">
        <java classname="Transformacion_TF.main.Generate_sql" classpathref="Transformacion_TF.classpath">
            <arg value="${model}"/>
            <arg value="${target}"/>
        </java>
    </target>

    <!--
        In case of problem you can also try with all the jar available in your Eclipse
        Keep in mind that having two versions of the same jar can create problems
    -->
    <target name="generate_sql.alljars">
        <java classname="Transformacion_TF.main.Generate_sql" classpathref="Transformacion_TF.classpath">
            <arg value="${model}"/>
            <arg value="${target}"/>
        </java>
    </target>
</project>
